{"cameraMode":{"drawMode":0,"name":"Shaded","section":"Shading Mode"},"sceneLighting":false,"audioPlay":false,"sceneViewState":{"showFog":true,"showMaterialUpdate":false,"showSkybox":true,"showFlares":true,"showImageEffects":true,"showParticleSystems":true},"in2DMode":false,"pivot":{"x":-311.5852355957031,"y":-448.24200439453127,"z":-104.5030288696289},"rotation":{"x":0.24610449373722077,"y":-0.7406414747238159,"z":0.35399121046066286,"w":0.5153474807739258},"size":536.8294677734375,"orthographic":false}